13
Ajith M,9629059164,ajith@gmail.com
John Doe,1234567890,john@example.com
Alice Smith,0987654321,alice@example.com
Bob Johnson,1112223333,bob@company.com
Carol White,4445556666,carol@company.com
David Brown,7778889999,david@example.com
Eve Davis,6665554444,eve@example.com
Frank Miller,3334445555,frank@example.com
Grace Wilson,2223334444,grace@example.com
Hannah Clark,5556667777,hannah@example.com
Ian Lewis,8889990000,ian@example.com
Faizal Ak,8529637415,faizal@gmail.com
Arjun,7418529635,arjun@gmail.com
